"Id","Position","First Name","Nickname","Last Name","FPPG","Played","Salary","Game","Team","Opponent","Injury Indicator","Injury Details","Tier","",""
"32998-9644","SG","James","James Harden","Harden","58.625","56","12400","HOU@GS","HOU","GS","GTD","Neck","","",""
"32998-40199","SF","Giannis","Giannis Antetokounmpo","Antetokounmpo","56.18908913352273","55","12300","MIN@MIL","MIL","MIN","GTD","Knee","","",""
"32998-9642","PG","Russell","Russell Westbrook","Westbrook","55.10000191482843","51","11900","SAC@OKC","OKC","SAC","","","","",""
"32998-9488","SF","LeBron","LeBron James","James","50.86341225228659","41","11800","LAL@NO","LAL","NO","","","","",""
"32998-12341","SF","Paul","Paul George","George","50.21206980738147","58","11700","SAC@OKC","OKC","SAC","","","","",""
"32998-15557","C","Andre","Andre Drummond","Drummond","45.3370361328125","54","11200","DET@MIA","DET","MIA","","","","",""
"32998-58462","C","Karl-Anthony","Karl-Anthony Towns","Towns","47.14310429014009","58","10800","MIN@MIL","MIN","MIL","GTD","Concussion","","",""
"32998-9646","SF","Kevin","Kevin Durant","Durant","47.70847540386652","59","10400","HOU@GS","GS","HOU","","","","",""
"32998-14507","PG","Kemba","Kemba Walker","Walker","41.03389830508475","59","10000","BKN@CHA","CHA","BKN","","","","",""
"32998-15755","PF","Anthony","Anthony Davis","Davis","58.687235081449465","47","9900","LAL@NO","NO","LAL","O","Rest","","",""
"32998-15595","SG","Bradley","Bradley Beal","Beal","42.894999186197914","60","9800","IND@WAS","WAS","IND","","","","",""
"32998-14498","PG","Kyrie","Kyrie Irving","Irving","43.195920360331634","49","9600","BOS@CHI","BOS","CHI","","","","",""
"32998-9524","PG","Stephen","Stephen Curry","Curry","44.7124989827474","48","9500","HOU@GS","GS","HOU","","","","",""
"32998-9560","PF","Blake","Blake Griffin","Griffin","42.95356968470982","56","9300","DET@MIA","DET","MIA","","","","",""
"32998-58312","SG","D'Angelo","D'Angelo Russell","Russell","35.44666748046875","60","9100","BKN@CHA","BKN","CHA","","","","",""
"32998-9663","SG","Jrue","Jrue Holiday","Holiday","43.144999186197914","60","8900","LAL@NO","NO","LAL","","","","",""
"32998-80812","PF","Lauri","Lauri Markkanen","Markkanen","33.900001319679056","37","8700","BOS@CHI","CHI","BOS","","","","",""
"32998-84671","PG","Trae","Trae Young","Young","32.173333740234376","60","8500","PHO@ATL","ATL","PHO","","","","",""
"32998-58460","SG","Devin","Devin Booker","Booker","38.55555555555556","45","8200","PHO@ATL","PHO","ATL","","","","",""
"32998-9453","C","Al","Al Horford","Horford","32.910203583386476","49","8200","BOS@CHI","BOS","CHI","","","","",""
"32998-55059","C","Clint","Clint Capela","Capela","40.297675554142444","43","8100","HOU@GS","HOU","GS","","","","",""
"32998-9623","PG","Chris","Chris Paul","Paul","37.36285574776786","35","8000","HOU@GS","HOU","GS","","","","",""
"32998-42669","PF","Julius","Julius Randle","Randle","36.458491487323116","53","7900","LAL@NO","NO","LAL","","","","",""
"32998-40783","SG","Zach","Zach LaVine","LaVine","35.713461068960335","52","7900","BOS@CHI","CHI","BOS","","","","",""
"32998-12362","C","DeMarcus","DeMarcus Cousins","Cousins","32.833333333333336","12","7800","HOU@GS","GS","HOU","","","","",""
"32998-58253","C","Myles","Myles Turner","Turner","33.367924528301884","53","7800","IND@WAS","IND","WAS","O","Hip","","",""
"32998-9575","PG","Mike","Mike Conley","Conley","37.14035087719298","57","7700","MEM@CLE","MEM","CLE","","","","",""
"32998-20992","PF","Larry","Larry Nance Jr.","Nance Jr.","28.557143853635203","49","7600","MEM@CLE","CLE","MEM","","","","",""
"32998-66236","PF","John","John Collins","Collins","33.111364191228695","44","7600","PHO@ATL","ATL","PHO","","","","",""
"32998-80806","PG","Lonzo","Lonzo Ball","Ball","27.865956407912233","47","7500","LAL@NO","LAL","NO","O","Ankle","","",""
"32998-84673","C","Deandre","Deandre Ayton","Ayton","35.2654541015625","55","7300","PHO@ATL","PHO","ATL","","","","",""
"32998-9446","PG","Jeff","Jeff Teague","Teague","29.611429268973215","35","7200","MIN@MIL","MIN","MIL","","","","",""
"32998-80810","PG","De'Aaron","De'Aaron Fox","Fox","36.11896383351293","58","7200","SAC@OKC","SAC","OKC","","","","",""
"32998-14509","SG","Klay","Klay Thompson","Thompson","33.83965433054957","58","7100","HOU@GS","GS","HOU","","","","",""
"32998-9538","SF","Trevor","Trevor Ariza","Ariza","28.676362748579546","55","7000","IND@WAS","WAS","IND","","","","",""
"32998-80808","PF","Jayson","Jayson Tatum","Tatum","31.44666748046875","60","7000","BOS@CHI","BOS","CHI","","","","",""
"32998-49116","SG","Andrew","Andrew Wiggins","Wiggins","30.551922137920673","52","7000","MIN@MIL","MIN","MIL","","","","",""
"32998-12363","C","Hassan","Hassan Whiteside","Whiteside","35.47647154564951","51","6900","DET@MIA","MIA","DET","","","","",""
"32998-42677","PG","Terry","Terry Rozier","Rozier","21.52930950296336","58","6900","BOS@CHI","BOS","CHI","","","","",""
"32998-23802","PG","Kris","Kris Dunn","Dunn","29.462499618530273","32","6900","BOS@CHI","CHI","BOS","","","","",""
"32998-58377","PF","Kyle","Kyle Kuzma","Kuzma","30.769091796875","55","6800","LAL@NO","LAL","NO","","","","",""
"32998-14503","C","Jonas","Jonas Valanciunas","Valanciunas","25.643749237060547","32","6800","MEM@CLE","MEM","CLE","","","","",""
"32998-15628","SF","Otto","Otto Porter Jr.","Porter Jr.","28.37608801800272","46","6800","BOS@CHI","CHI","BOS","","","","",""
"32998-15860","PF","Draymond","Draymond Green","Green","32.43721043786337","43","6700","HOU@GS","GS","HOU","","","","",""
"32998-20491","SF","Robert","Robert Covington","Covington","30.9028564453125","35","6600","MIN@MIL","MIN","MIL","O","Ankle","","",""
"32998-42156","PF","Bobby","Bobby Portis","Portis","27.607408311631943","27","6600","IND@WAS","WAS","IND","","","","",""
"32998-14521","PF","Kenneth","Kenneth Faried","Faried","22.4239990234375","25","6500","HOU@GS","HOU","GS","","","","",""
"32998-15559","SG","Jeremy","Jeremy Lamb","Lamb","27.858180930397726","55","6500","BKN@CHA","CHA","BKN","","","","",""
"32998-58084","SF","Justise","Justise Winslow","Winslow","26.884615384615383","52","6500","DET@MIA","MIA","DET","O","Knee","","",""
"32998-66048","SF","Brandon","Brandon Ingram","Ingram","28.70212765957447","47","6400","LAL@NO","LAL","NO","","","","",""
"32998-23169","C","Steven","Steven Adams","Adams","34.182141985212056","56","6400","SAC@OKC","OKC","SAC","","","","",""
"32998-20640","SG","Jordan","Jordan Clarkson","Clarkson","26.037930192618536","58","6400","MEM@CLE","CLE","MEM","","","","",""
"32998-15691","C","Cody","Cody Zeller","Zeller","24.353658536585368","41","6400","BKN@CHA","CHA","BKN","","","","",""
"32998-16261","SG","Khris","Khris Middleton","Middleton","31.716070992606028","56","6400","MIN@MIL","MIL","MIN","","","","",""
"32998-12355","PG","Eric","Eric Bledsoe","Bledsoe","32.47719212582237","57","6300","MIN@MIL","MIL","MIN","","","","",""
"32998-23665","SG","Buddy","Buddy Hield","Hield","30.858621531519397","58","6300","SAC@OKC","SAC","OKC","","","","",""
"32998-15542","PG","Spencer","Spencer Dinwiddie","Dinwiddie","27.779590840242346","49","6300","BKN@CHA","BKN","CHA","O","Thumb","","",""
"32998-9624","PG","Darren","Darren Collison","Collison","26.172880528336865","59","6300","IND@WAS","IND","WAS","","","","",""
"32998-23097","PG","Tomas","Tomas Satoransky","Satoransky","20.53333376165022","57","6200","IND@WAS","WAS","IND","","","","",""
"32998-23823","C","Willie","Willie Cauley-Stein","Cauley-Stein","31.336206896551722","58","6200","SAC@OKC","SAC","OKC","","","","",""
"32998-80821","C","Jarrett","Jarrett Allen","Allen","28.7305080607786","59","6200","BKN@CHA","BKN","CHA","","","","",""
"32998-9660","C","Dwight","Dwight Howard","Howard","26.400000678168404","9","6200","IND@WAS","WAS","IND","O","Back","","",""
"32998-14530","SF","Bojan","Bojan Bogdanovic","Bogdanovic","25.2745754435911","59","6100","IND@WAS","IND","WAS","","","","",""
"32998-84679","PF","Marvin","Marvin Bagley III","Bagley III","26.488888888888887","45","6100","SAC@OKC","SAC","OKC","","","","",""
"32998-85305","SF","Kenrich","Kenrich Williams","Williams","13.6875","24","6100","LAL@NO","NO","LAL","","","","",""
"32998-9739","C","JaVale","JaVale McGee","McGee","26.766666187959558","51","6000","LAL@NO","LAL","NO","","","","",""
"32998-16233","SF","Josh","Josh Richardson","Richardson","30.578182705965908","55","6000","DET@MIA","MIA","DET","","","","",""
"32998-9666","PF","Thaddeus","Thaddeus Young","Young","28.320339396848517","59","6000","IND@WAS","IND","WAS","","","","",""
"32998-59358","PF","Domantas","Domantas Sabonis","Sabonis","30.549123663651315","57","6000","IND@WAS","IND","WAS","","","","",""
"32998-9455","PG","Rajon","Rajon Rondo","Rondo","26.2624994913737","24","5900","LAL@NO","LAL","NO","","","","",""
"32998-23798","SG","Caris","Caris LeVert","LeVert","30.155554877387154","18","5900","BKN@CHA","BKN","CHA","","","","",""
"32998-80809","PF","Josh","Josh Jackson","Jackson","22.536665852864584","60","5900","PHO@ATL","PHO","ATL","","","","",""
"32998-16359","SG","Malcolm","Malcolm Brogdon","Brogdon","27.835184733072918","54","5900","MIN@MIL","MIL","MIN","GTD","Foot","","",""
"32998-15946","SF","Harrison","Harrison Barnes","Barnes","26.041508512676888","53","5800","SAC@OKC","SAC","OKC","","","","",""
"32998-84683","PF","Jaren","Jaren Jackson Jr.","Jackson Jr.","26.205084331965043","59","5800","MEM@CLE","MEM","CLE","","","","",""
"32998-55060","SG","Bogdan","Bogdan Bogdanovic","Bogdanovic","27.340425531914892","47","5800","SAC@OKC","SAC","OKC","","","","",""
"32998-42550","SF","Jabari","Jabari Parker","Parker","25.87045565518466","44","5700","IND@WAS","WAS","IND","","","","",""
"32998-12366","SF","Gordon","Gordon Hayward","Hayward","24.23207639298349","53","5700","BOS@CHI","BOS","CHI","GTD","Ankle","","",""
"32998-23120","SF","TJ","TJ Warren","Warren","29.413954623909884","43","5700","PHO@ATL","PHO","ATL","O","Ankle","","",""
"32998-9874","PF","Kevin","Kevin Love","Love","30.642857142857142","7","5700","MEM@CLE","CLE","MEM","","","","",""
"32998-23831","PF","Jerami","Jerami Grant","Grant","26.764286586216517","56","5700","SAC@OKC","OKC","SAC","","","","",""
"32998-14523","PG","Reggie","Reggie Jackson","Jackson","25.90000085663377","57","5600","DET@MIA","DET","MIA","","","","",""
"32998-9475","PG","Derrick","Derrick Rose","Rose","29.80952380952381","42","5600","MIN@MIL","MIN","MIL","","","","",""
"32998-16220","SG","Dion","Dion Waiters","Waiters","18.194737484580592","19","5600","DET@MIA","MIA","DET","","","","",""
"32998-14501","C","Tristan","Tristan Thompson","Thompson","30.351429966517856","35","5500","MEM@CLE","CLE","MEM","O","Foot","","",""
"32998-84667","PG","Collin","Collin Sexton","Sexton","22.46949069782839","59","5500","MEM@CLE","CLE","MEM","","","","",""
"32998-9451","PF","Marvin","Marvin Williams","Williams","23.34385922080592","57","5500","BKN@CHA","CHA","BKN","","","","",""
"32998-16363","SF","Joe","Joe Harris","Harris","22.549090021306817","55","5500","BKN@CHA","BKN","CHA","","","","",""
"32998-14522","SF","Nikola","Nikola Mirotic","Mirotic","30.784849224668562","33","5400","MIN@MIL","MIL","MIN","","","","",""
"32998-55056","PF","Dario","Dario Saric","Saric","20.23157809073465","57","5400","MIN@MIL","MIN","MIL","","","","",""
"32998-9585","SG","Dwyane","Dwyane Wade","Wade","26.027084350585938","48","5400","DET@MIA","MIA","DET","","","","",""
"32998-40830","SG","Delon","Delon Wright","Wright","16.67924528301887","53","5400","MEM@CLE","MEM","CLE","","","","",""
"32998-16301","C","Dewayne","Dewayne Dedmon","Dedmon","25.720409159757654","49","5400","PHO@ATL","ATL","PHO","","","","",""
"32998-9873","C","Robin","Robin Lopez","Lopez","14.766666187959558","51","5300","BOS@CHI","CHI","BOS","","","","",""
"32998-9556","SG","Eric","Eric Gordon","Gordon","23.74782661769701","46","5300","HOU@GS","HOU","GS","","","","",""
"32998-9621","C","Brook","Brook Lopez","Lopez","25.746552566002155","58","5300","MIN@MIL","MIL","MIN","","","","",""
"32998-9809","SF","Nicolas","Nicolas Batum","Batum","23.71551724137931","58","5200","BKN@CHA","CHA","BKN","","","","",""
"32998-58153","SF","Kelly","Kelly Oubre Jr.","Oubre Jr.","25.848275020204742","58","5200","PHO@ATL","PHO","ATL","","","","",""
"32998-23572","SF","Taurean","Taurean Prince","Prince","22.42894704718339","38","5100","PHO@ATL","ATL","PHO","","","","",""
"32998-23716","SF","Kyle","Kyle Anderson","Anderson","24.516277934229652","43","5100","MEM@CLE","MEM","CLE","O","Shoulder","","",""
"32998-14512","PF","Marcus","Marcus Morris","Morris","25.372221770109952","54","5100","BOS@CHI","BOS","CHI","","","","",""
"32998-19138","PG","Elfrid","Elfrid Payton","Payton","24.99499969482422","20","5100","LAL@NO","NO","LAL","","","","",""
"32998-12334","SG","Avery","Avery Bradley","Bradley","16.649057064416272","53","5000","MEM@CLE","MEM","CLE","","","","",""
"32998-15947","SG","Reggie","Reggie Bullock","Bullock","20.208510378573802","47","5000","LAL@NO","LAL","NO","","","","",""
"32998-23670","SG","Marcus","Marcus Smart","Smart","22.705172834725214","58","5000","BOS@CHI","BOS","CHI","","","","",""
"32998-15560","PG","Shabazz","Shabazz Napier","Napier","18.25208282470703","48","5000","BKN@CHA","BKN","CHA","","","","",""
"32998-40201","SG","Dennis","Dennis Schroder","Schroder","26.732728160511364","55","5000","SAC@OKC","OKC","SAC","","","","",""
"32998-9648","SF","Jeff","Jeff Green","Green","22.689474540844298","57","5000","IND@WAS","WAS","IND","","","","",""
"32998-9787","SF","DeMarre","DeMarre Carroll","Carroll","20.2957452002992","47","4900","BKN@CHA","BKN","CHA","","","","",""
"32998-63126","SF","Cedi","Cedi Osman","Osman","22.76481571903935","54","4900","MEM@CLE","CLE","MEM","","","","",""
"32998-9479","SF","Luol","Luol Deng","Deng","15.24210558439556","19","4900","MIN@MIL","MIN","MIL","","","","",""
"32998-67026","SG","Jaylen","Jaylen Brown","Brown","22.85925971137153","54","4900","BOS@CHI","BOS","CHI","","","","",""
"32998-66046","SG","Luke","Luke Kennard","Kennard","14.694871168870192","39","4900","DET@MIA","DET","MIA","","","","",""
"32998-20064","PG","Matthew","Matthew Dellavedova","Dellavedova","13.00238037109375","42","4800","MEM@CLE","CLE","MEM","","","","",""
"32998-67707","PF","Marquese","Marquese Chriss","Chriss","8.942857288178944","21","4800","MEM@CLE","CLE","MEM","","","","",""
"32998-84670","SF","Mikal","Mikal Bridges","Bridges","19.844999186197917","60","4800","PHO@ATL","PHO","ATL","","","","",""
"32998-19781","SG","Kent","Kent Bazemore","Bazemore","26.395556640625","45","4800","PHO@ATL","ATL","PHO","","","","",""
"32998-18600","PG","Tyler","Tyler Johnson","Johnson","20.662499745686848","48","4700","PHO@ATL","PHO","ATL","","","","",""
"32998-70824","C","Ante","Ante Zizic","Zizic","15.328571137927828","42","4700","MEM@CLE","CLE","MEM","","","","",""
"32998-12365","PF","Ed","Ed Davis","Davis","19.652542372881356","59","4600","BKN@CHA","BKN","CHA","","","","",""
"32998-9664","SG","Andre","Andre Iguodala","Iguodala","19.92941224341299","51","4600","HOU@GS","GS","HOU","","","","",""
"32998-9673","PG","Goran","Goran Dragic","Dragic","26.75714329310826","14","4600","DET@MIA","MIA","DET","","","","",""
"32998-22541","PF","Kelly","Kelly Olynyk","Olynyk","18.405556007667823","54","4500","DET@MIA","MIA","DET","","","","",""
"32998-14511","PF","Markieff","Markieff Morris","Morris","22.394285365513394","35","4500","SAC@OKC","OKC","SAC","","","","",""
"32998-84689","SG","Josh","Josh Okogie","Okogie","16.14117670994179","51","4500","MIN@MIL","MIN","MIL","","","","",""
"32998-58083","C","Jahlil","Jahlil Okafor","Okafor","16.505128518129005","39","4500","LAL@NO","NO","LAL","","","","",""
"32998-23407","PF","PJ","PJ Tucker","Tucker","22.205172834725214","58","4500","HOU@GS","HOU","GS","","","","",""
"32998-84704","SG","Kevin","Kevin Huerter","Huerter","19.444444444444443","54","4400","PHO@ATL","ATL","PHO","O","Ankle","","",""
"32998-84707","SF","Chandler","Chandler Hutchison","Hutchison","12.818181818181818","44","4400","BOS@CHI","CHI","BOS","GTD","Toe","","",""
"32998-9483","C","Joakim","Joakim Noah","Noah","16.373333740234376","30","4400","MEM@CLE","MEM","CLE","","","","",""
"32998-15501","SG","Allen","Allen Crabbe","Crabbe","17.663637103456438","33","4300","BKN@CHA","BKN","CHA","","","","",""
"32998-9966","PF","James","James Johnson","Johnson","17.134146341463413","41","4300","DET@MIA","MIA","DET","O","Shoulder","","",""
"32998-67312","C","Thomas","Thomas Bryant","Bryant","20.834694375797195","49","4300","IND@WAS","WAS","IND","","","","",""
"32998-9799","SG","Wesley","Wesley Matthews","Matthews","20.6734693877551","49","4200","IND@WAS","IND","WAS","","","","",""
"32998-12368","SF","Nemanja","Nemanja Bjelica","Bjelica","23.126785278320312","56","4200","SAC@OKC","SAC","OKC","","","","",""
"32998-14554","SF","E'Twaun","E'Twaun Moore","Moore","19.727083841959637","48","4200","LAL@NO","NO","LAL","O","Rest","","",""
"32998-23825","C","Nerlens","Nerlens Noel","Noel","17.883333559389467","54","4200","SAC@OKC","OKC","SAC","","","","",""
"32998-80817","PF","Bam","Bam Adebayo","Adebayo","21.79298159950658","57","4200","DET@MIA","MIA","DET","","","","",""
"32998-42148","PF","Rondae","Rondae Hollis-Jefferson","Hollis-Jefferson","20.457143355389032","49","4100","BKN@CHA","BKN","CHA","","","","",""
"32998-16071","PG","Tim","Tim Frazier","Frazier","15.646809030086436","47","4100","LAL@NO","NO","LAL","","","","",""
"32998-9956","SG","Wayne","Wayne Ellington","Ellington","15.089285714285714","28","4100","DET@MIA","DET","MIA","","","","",""
"32998-15744","SG","Rodney","Rodney McGruder","McGruder","16.834615854116585","52","4100","DET@MIA","MIA","DET","","","","",""
"32998-23740","PG","Ryan","Ryan Arcidiacono","Arcidiacono","15.886207317483835","58","4000","BOS@CHI","CHI","BOS","","","","",""
"32998-58576","C","Kevon","Kevon Looney","Looney","19.712069807381464","58","4000","HOU@GS","GS","HOU","","","","",""
"32998-55058","SF","Bruno","Bruno Caboclo","Caboclo","15.691666920979818","12","4000","MEM@CLE","MEM","CLE","","","","",""
"32998-15814","C","Alex","Alex Len","Len","20.754545454545454","55","4000","PHO@ATL","ATL","PHO","","","","",""
"32998-49336","SF","DeAndre'","DeAndre' Bembry","Bembry","20.215253409692796","59","3900","PHO@ATL","ATL","PHO","","","","",""
"32998-14529","PG","Cory","Cory Joseph","Joseph","20.140678793697035","59","3900","IND@WAS","IND","WAS","","","","",""
"32998-16604","SG","Justin","Justin Holiday","Holiday","22.751666259765624","60","3900","MEM@CLE","MEM","CLE","","","","",""
"32998-9448","SG","Jamal","Jamal Crawford","Crawford","13.305999755859375","50","3900","PHO@ATL","PHO","ATL","","","","",""
"32998-42733","SG","David","David Nwaba","Nwaba","14.196428571428571","28","3900","MEM@CLE","CLE","MEM","","","","",""
"32998-9465","PG","Raymond","Raymond Felton","Felton","11.53529447667739","17","3900","SAC@OKC","OKC","SAC","","","","",""
"32998-9481","PF","Taj","Taj Gibson","Gibson","23.303509628563596","57","3900","MIN@MIL","MIN","MIL","","","","",""
"32998-15762","SF","Darius","Darius Miller","Miller","15.164815266927084","54","3900","LAL@NO","NO","LAL","O","Ankle","","",""
"32998-23447","PF","Richaun","Richaun Holmes","Holmes","19.083333333333332","54","3900","PHO@ATL","PHO","ATL","","","","",""
"32998-80816","SG","Malik","Malik Monk","Monk","16.007273171164773","55","3900","BKN@CHA","CHA","BKN","","","","",""
"32998-9725","SF","CJ","CJ Miles","Miles","10.395454406738281","44","3900","MEM@CLE","MEM","CLE","","","","",""
"32998-66091","PF","Cheick","Cheick Diallo","Diallo","12.369047619047619","42","3800","LAL@NO","NO","LAL","","","","",""
"32998-37931","C","Aron","Aron Baynes","Baynes","14.188235114602481","34","3800","BOS@CHI","BOS","CHI","O","Foot","","",""
"32998-81529","PF","Daniel","Daniel Theis","Theis","15.317777506510417","45","3800","BOS@CHI","BOS","CHI","","","","",""
"32998-14533","PG","Shelvin","Shelvin Mack","Mack","16.659999778053976","55","3800","BKN@CHA","CHA","BKN","","","","",""
"32998-84703","PG","De'Anthony","De'Anthony Melton","Melton","18.036364006273676","33","3800","PHO@ATL","PHO","ATL","","","","",""
"32998-80820","SG","Terrance","Terrance Ferguson","Ferguson","12.155999755859375","50","3800","SAC@OKC","OKC","SAC","","","","",""
"32998-9654","SF","Vince","Vince Carter","Carter","13.199999773943865","54","3800","PHO@ATL","ATL","PHO","","","","",""
"32998-67025","PF","Ivan","Ivan Rabb","Rabb","11.906667073567709","30","3800","MEM@CLE","MEM","CLE","","","","",""
"32998-85106","SG","Deonte","Deonte Burton","Burton","6.519047328404018","21","3700","SAC@OKC","OKC","SAC","","","","",""
"32998-9849","SF","Gerald","Gerald Green","Green","15.24444467050058","54","3700","HOU@GS","HOU","GS","","","","",""
"32998-23772","PG","Yogi","Yogi Ferrell","Ferrell","12.439582824707031","48","3700","SAC@OKC","SAC","OKC","","","","",""
"32998-58081","PG","Tyus","Tyus Jones","Jones","16.556818181818183","44","3700","MIN@MIL","MIN","MIL","","","","",""
"32998-15592","SG","Austin","Austin Rivers","Rivers","17.01851851851852","54","3700","HOU@GS","HOU","GS","","","","",""
"32998-23282","SF","Sam","Sam Dekker","Dekker","14.463889227973091","36","3700","IND@WAS","WAS","IND","","","","",""
"32998-15636","SG","Kentavious","Kentavious Caldwell-Pope","Caldwell-Pope","17.45689655172414","58","3700","LAL@NO","LAL","NO","","","","",""
"32998-40769","C","Jordan","Jordan Bell","Bell","10.639583587646484","48","3700","HOU@GS","GS","HOU","","","","",""
"32998-9598","PF","Ersan","Ersan Ilyasova","Ilyasova","14.621738599694293","46","3700","MIN@MIL","MIL","MIN","","","","",""
"32998-80819","PF","Harry","Harry Giles III","Giles III","13.804444715711806","45","3700","SAC@OKC","SAC","OKC","","","","",""
"32998-9692","SF","Tyreke","Tyreke Evans","Evans","19.501922607421875","52","3700","IND@WAS","IND","WAS","","","","",""
"32998-85521","SF","Theo","Theo Pinson","Pinson","10.663636641068893","11","3600","BKN@CHA","BKN","CHA","","","","",""
"32998-40562","SG","Josh","Josh Hart","Hart","19.30909090909091","55","3600","LAL@NO","LAL","NO","","","","",""
"32998-63127","C","Willy","Willy Hernangomez","Hernangomez","16.02888861762153","45","3600","BKN@CHA","CHA","BKN","","","","",""
"32998-14505","C","Bismack","Bismack Biyombo","Biyombo","14.25","32","3600","BKN@CHA","CHA","BKN","","","","",""
"32998-14510","SG","Alec","Alec Burks","Burks","19.896364524147728","55","3600","SAC@OKC","SAC","OKC","","","","",""
"32998-14515","SG","Iman","Iman Shumpert","Shumpert","19.24888916015625","45","3600","HOU@GS","HOU","GS","O","Knee","","",""
"32998-84678","SF","Miles","Miles Bridges","Bridges","15.239286150251116","56","3600","BKN@CHA","CHA","BKN","","","","",""
"32998-12511","PG","Ish","Ish Smith","Smith","15.996773996660787","31","3600","DET@MIA","DET","MIA","","","","",""
"32998-84705","PF","Omari","Omari Spellman","Spellman","14.883332752046131","42","3600","PHO@ATL","ATL","PHO","","","","",""
"32998-84706","PG","Devonte'","Devonte' Graham","Graham","10.238709480531755","31","3600","BKN@CHA","CHA","BKN","","","","",""
"32998-9962","PF","Jonas","Jonas Jerebko","Jerebko","15.381481029369214","54","3600","HOU@GS","GS","HOU","","","","",""
"32998-84719","SG","Aaron","Aaron Holiday","Holiday","11.021621291701859","37","3600","IND@WAS","IND","WAS","","","","",""
"32998-82744","PG","Shaquille","Shaquille Harrison","Harrison","14.784000244140625","50","3600","BOS@CHI","CHI","BOS","","","","",""
"32998-9606","SF","Corey","Corey Brewer","Brewer","16.674999237060547","8","3600","SAC@OKC","SAC","OKC","","","","",""
"32998-15758","SF","Michael","Michael Kidd-Gilchrist","Kidd-Gilchrist","16.949020086550245","51","3600","BKN@CHA","CHA","BKN","","","","",""
"32998-58270","PG","Edmond","Edmond Sumner","Sumner","6.3705884148092835","17","3600","IND@WAS","IND","WAS","","","","",""
"32998-80824","PG","Frank","Frank Jackson","Jackson","9.737778049045138","45","3600","LAL@NO","NO","LAL","","","","",""
"32998-9703","PG","George","George Hill","Hill","16.141304347826086","46","3600","MIN@MIL","MIL","MIN","","","","",""
"32998-19456","PG","Isaiah","Isaiah Canaan","Canaan","14.357691838191105","26","3500","MIN@MIL","MIN","MIL","","","","",""
"32998-9731","C","Kosta","Kosta Koufos","Koufos","12.122580251386088","31","3500","SAC@OKC","SAC","OKC","","","","",""
"32998-18435","SF","Alfonzo","Alfonzo McKinnie","McKinnie","10.312244648836097","49","3500","HOU@GS","GS","HOU","","","","",""
"32998-66061","SF","Dwayne","Dwayne Bacon","Bacon","7.332000122070313","25","3500","BKN@CHA","CHA","BKN","","","","",""
"32998-101412","SG","Brandon","Brandon Sampson","Sampson","4.574999809265137","4","3500","BOS@CHI","CHI","BOS","","","","",""
"32998-9772","PF","Ryan","Ryan Anderson","Anderson","8.5625","16","3500","DET@MIA","MIA","DET","","","","",""
"32998-12340","PF","Patrick","Patrick Patterson","Patterson","8.980701647306743","57","3500","SAC@OKC","OKC","SAC","","","","",""
"32998-15417","SF","Solomon","Solomon Hill","Hill","11.131428745814732","35","3500","LAL@NO","NO","LAL","","","","",""
"32998-12348","SF","Wesley","Wesley Johnson","Johnson","9.248387490549396","31","3500","IND@WAS","WAS","IND","","","","",""
"32998-16448","PF","Frank","Frank Kaminsky","Kaminsky","10.11153822678786","26","3500","BKN@CHA","CHA","BKN","","","","",""
"32998-66114","SG","Antonio","Antonio Blakeney","Blakeney","10.75","42","3500","BOS@CHI","CHI","BOS","","","","",""
"32998-15952","PF","John","John Henson","Henson","16.22857121058873","14","3500","MEM@CLE","CLE","MEM","O","Wrist","","",""
"32998-12369","SF","Lance","Lance Stephenson","Stephenson","14.731579161526865","57","3500","LAL@NO","LAL","NO","","","","",""
"32998-9810","PG","Jerryd","Jerryd Bayless","Bayless","15.584210847553454","19","3500","MIN@MIL","MIN","MIL","","","","",""
"32998-85586","PF","Marcus","Marcus Derrickson","Derrickson","4.344444274902344","9","3500","HOU@GS","GS","HOU","","","","",""
"32998-58457","SF","Devin","Devin Robinson","Robinson","10.600000381469727","4","3500","IND@WAS","WAS","IND","O","Hip","","",""
"32998-15975","SG","C.J.","C.J. Williams","Williams","3.0888888041178384","9","3500","MIN@MIL","MIN","MIL","","","","",""
"32998-17517","SG","Tony","Tony Snell","Snell","11.26379289298222","58","3500","MIN@MIL","MIL","MIN","","","","",""
"32998-15993","SG","Pat","Pat Connaughton","Connaughton","14.518919248838682","37","3500","MIN@MIL","MIL","MIN","","","","",""
"32998-41082","C","Damian","Damian Jones","Jones","14.875","24","3500","HOU@GS","GS","HOU","O","Pectoral","","",""
"32998-66174","PG","Jawun","Jawun Evans","Evans","5.485714503696987","7","3500","PHO@ATL","PHO","ATL","","","","",""
"32998-16006","SG","Jordan","Jordan Sibert","Sibert","0","0","3500","PHO@ATL","ATL","PHO","","","","",""
"32998-17542","PF","Alan","Alan Williams","Williams","9.59999974568685","3","3500","BKN@CHA","BKN","CHA","","","","",""
"32998-66185","PF","Caleb","Caleb Swanigan","Swanigan","5.772222306993273","18","3500","SAC@OKC","SAC","OKC","","","","",""
"32998-85137","SG","Duncan","Duncan Robinson","Robinson","3.2333332697550454","6","3500","DET@MIA","MIA","DET","","","","",""
"32998-66196","SG","PJ","PJ Dozier","Dozier","2.950000047683716","4","3500","BOS@CHI","BOS","CHI","","","","",""
"32998-15510","PF","Richard","Richard Solomon","Solomon","0","0","3500","SAC@OKC","OKC","SAC","","","","",""
"32998-85150","SG","Trevon","Trevon Bluiett","Bluiett","0","0","3500","LAL@NO","NO","LAL","O","Thumb","","",""
"32998-70819","PF","Dragan","Dragan Bender","Bender","8.627999877929687","25","3500","PHO@ATL","PHO","ATL","","","","",""
"32998-70820","C","Thon","Thon Maker","Maker","10.907692151191908","39","3500","DET@MIA","DET","MIA","","","","",""
"32998-42662","SF","Troy","Troy Williams","Williams","12.777777777777779","18","3500","SAC@OKC","SAC","OKC","","","","",""
"32998-70823","PF","Guerschon","Guerschon Yabusele","Yabusele","4.7866668701171875","30","3500","BOS@CHI","BOS","CHI","","","","",""
"32998-70825","SG","Timothe","Timothe Luwawu-Cabarrot","Luwawu-Cabarrot","4.848147922092014","27","3500","BOS@CHI","CHI","BOS","","","","",""
"32998-14506","PG","Brandon","Brandon Knight","Knight","7.418749809265137","16","3500","MEM@CLE","CLE","MEM","","","","",""
"32998-15548","SG","Andre","Andre Roberson","Roberson","17.82051282051282","39","3500","SAC@OKC","OKC","SAC","O","Kneecap","","",""
"32998-84668","SF","Troy","Troy Brown Jr.","Brown Jr.","6.079310450060614","29","3500","IND@WAS","WAS","IND","","","","",""
"32998-9920","PF","Anthony","Anthony Tolliver","Tolliver","9.097560975609756","41","3500","MIN@MIL","MIN","MIL","","","","",""
"32998-23744","SG","Justin","Justin Anderson","Anderson","6.66000010172526","30","3500","PHO@ATL","ATL","PHO","","","","",""
"32998-84676","PF","Wendell","Wendell Carter Jr.","Carter Jr.","25.62272782759233","44","3500","BOS@CHI","CHI","BOS","O","Thumb","","",""
"32998-84681","SG","Donte","Donte DiVincenzo","DiVincenzo","11.030434649923574","23","3500","MIN@MIL","MIL","MIN","O","Heel","","",""
"32998-14537","SF","Chandler","Chandler Parsons","Parsons","9.425000190734863","4","3500","MEM@CLE","MEM","CLE","","","","",""
"32998-14539","PF","Jon","Jon Leuer","Leuer","8.942424427379262","33","3500","DET@MIA","DET","MIA","","","","",""
"32998-84687","SF","George","George King","King","1.2000000476837158","1","3500","PHO@ATL","PHO","ATL","","","","",""
"32998-84686","PG","Elie","Elie Okobo","Okobo","12.647619338262649","42","3500","PHO@ATL","PHO","ATL","","","","",""
"32998-23248","SG","RJ","RJ Hunter","Hunter","7.3","5","3500","BOS@CHI","BOS","CHI","","","","",""
"32998-84688","SF","Keita","Keita Bates-Diop","Bates-Diop","4.01428576878139","7","3500","MIN@MIL","MIN","MIL","","","","",""
"32998-84694","SG","Bruce","Bruce Brown","Brown","12.13800048828125","50","3500","DET@MIA","DET","MIA","","","","",""
"32998-84697","SG","Jacob","Jacob Evans","Evans","1.8826086624808933","23","3500","HOU@GS","GS","HOU","GTD","Pelvis","","",""
"32998-84696","PG","Jevon","Jevon Carter","Carter","9.51923076923077","26","3500","MEM@CLE","MEM","CLE","","","","",""
"32998-42202","PF","Christian","Christian Wood","Wood","4.9636362249201","11","3500","MIN@MIL","MIL","MIN","","","","",""
"32998-84699","SG","Hamidou","Hamidou Diallo","Diallo","8.784444173177084","45","3500","SAC@OKC","OKC","SAC","","","","",""
"32998-84698","SF","Dzanan","Dzanan Musa","Musa","3.0374999046325684","8","3500","BKN@CHA","BKN","CHA","","","","",""
"32998-84700","PF","Rodions","Rodions Kurucs","Kurucs","15.783333914620536","42","3500","BKN@CHA","BKN","CHA","","","","",""
"32998-15582","PG","Quinn","Quinn Cook","Cook","12.37800048828125","50","3500","HOU@GS","GS","HOU","","","","",""
"32998-16607","SG","Scotty","Scotty Hopson","Hopson","1.5","1","3500","SAC@OKC","OKC","SAC","","","","",""
"32998-9953","C","Ian","Ian Mahinmi","Mahinmi","12.432257867628529","31","3500","IND@WAS","WAS","IND","","","","",""
"32998-84708","C","Robert","Robert Williams III","Williams III","10.5","23","3500","BOS@CHI","BOS","CHI","","","","",""
"32998-15591","C","Miles","Miles Plumlee","Plumlee","9.572222391764322","18","3500","PHO@ATL","ATL","PHO","O","Knee","","",""
"32998-84713","SG","Svi","Svi Mykhailiuk","Mykhailiuk","6.1375","40","3500","DET@MIA","DET","MIA","","","","",""
"32998-84712","SF","Vincent","Vincent Edwards","Edwards","2.700000047683716","2","3500","HOU@GS","HOU","GS","","","","",""
"32998-84714","C","Moritz","Moritz Wagner","Wagner","6.322727550159801","22","3500","LAL@NO","LAL","NO","","","","",""
"32998-9454","C","Zaza","Zaza Pachulia","Pachulia","13.96595796625665","47","3500","DET@MIA","DET","MIA","","","","",""
"32998-84718","PF","Alize","Alize Johnson","Johnson","1.690909125588157","11","3500","IND@WAS","IND","WAS","","","","",""
"32998-84723","SG","Khyri","Khyri Thomas","Thomas","5.782353120691636","17","3500","DET@MIA","DET","MIA","","","","",""
"32998-84722","SF","Isaac","Isaac Bonga","Bonga","3.9000000953674316","8","3500","LAL@NO","LAL","NO","","","","",""
"32998-84726","PF","Ray","Ray Spalding","Spalding","0","1","3500","PHO@ATL","PHO","ATL","","","","",""
"32998-85238","SF","Yuta","Yuta Watanabe","Watanabe","6.279999923706055","10","3500","MEM@CLE","MEM","CLE","","","","",""
"32998-23800","SF","Glenn","Glenn Robinson III","Robinson III","7.240624904632568","32","3500","DET@MIA","DET","MIA","","","","",""
"32998-85241","PF","Johnathan","Johnathan Williams","Williams","9.599999564034599","7","3500","LAL@NO","LAL","NO","","","","",""
"32998-23801","SG","Nik","Nik Stauskas","Stauskas","10.684782608695652","46","3500","MEM@CLE","CLE","MEM","","","","",""
"32998-84730","SG","J.P.","J.P. Macura","Macura","9.399999618530273","1","3500","BKN@CHA","CHA","BKN","O","Ankle","","",""
"32998-85242","SG","Rawle","Rawle Alkins","Alkins","4.200000127156575","3","3500","BOS@CHI","CHI","BOS","","","","",""
"32998-97018","PG","Chris","Chris Chiozza","Chiozza","0","0","3500","HOU@GS","HOU","GS","","","","",""
"32998-23294","SF","Danuel","Danuel House","House","16.83199951171875","25","3500","HOU@GS","HOU","GS","","","","",""
"32998-9473","C","Tyson","Tyson Chandler","Chandler","13.395918865593112","49","3500","LAL@NO","LAL","NO","","","","",""
"32998-23810","SF","Jaron","Jaron Blossomgame","Blossomgame","10.559259485315394","27","3500","MEM@CLE","CLE","MEM","","","","",""
"32998-19726","SF","Abdel","Abdel Nader","Nader","6.938461694961939","39","3500","SAC@OKC","OKC","SAC","","","","",""
"32998-16658","PG","Kalin","Kalin Lucas","Lucas","7.099999904632568","1","3500","DET@MIA","DET","MIA","","","","",""
"32998-23826","PF","Alex","Alex Poythress","Poythress","11.183333502875435","18","3500","PHO@ATL","ATL","PHO","","","","",""
"32998-20764","SF","Julian","Julian Washburn","Washburn","7.916666666666667","6","3500","MEM@CLE","MEM","CLE","","","","",""
"32998-9506","SG","JR","JR Smith","Smith","14.37272782759233","11","3500","MEM@CLE","CLE","MEM","","","","",""
"32998-9512","C","","Nene","Nene","10.651723927464978","29","3500","HOU@GS","HOU","GS","","","","",""
"32998-85308","PG","Trevon","Trevon Duval","Duval","3.066666603088379","3","3500","MIN@MIL","MIL","MIN","","","","",""
"32998-40255","SG","Davon","Davon Reed","Reed","1.3428570883614677","7","3500","IND@WAS","IND","WAS","","","","",""
"32998-16197","SG","Chasson","Chasson Randle","Randle","10.91034461712015","29","3500","IND@WAS","WAS","IND","","","","",""
"32998-20805","SG","Troy","Troy Daniels","Daniels","8.679310239594558","29","3500","PHO@ATL","PHO","ATL","","","","",""
"32998-20806","SG","Treveon","Treveon Graham","Graham","11.39047604515439","21","3500","BKN@CHA","BKN","CHA","","","","",""
"32998-40262","SG","Sterling","Sterling Brown","Brown","11.395744161402925","47","3500","MIN@MIL","MIL","MIN","","","","",""
"32998-84808","SG","Jaylen","Jaylen Adams","Adams","4.072727203369141","11","3500","PHO@ATL","ATL","PHO","","","","",""
"32998-17230","SG","Langston","Langston Galloway","Galloway","13.194545676491478","55","3500","DET@MIA","DET","MIA","","","","",""
"32998-18256","SF","Doug","Doug McDermott","McDermott","10.088888662832755","54","3500","IND@WAS","IND","WAS","","","","",""
"32998-17747","SG","Ian","Ian Clark","Clark","7.68780517578125","41","3500","LAL@NO","NO","LAL","","","","",""
"32998-84830","SG","Jared","Jared Terrell","Terrell","5.728571210588727","7","3500","MIN@MIL","MIN","MIL","","","","",""
"32998-16230","SG","Jordan","Jordan McRae","McRae","7.721052470960115","19","3500","IND@WAS","WAS","IND","","","","",""
"32998-9589","PF","Udonis","Udonis Haslem","Haslem","2.299999952316284","4","3500","DET@MIA","MIA","DET","","","","",""
"32998-58247","PG","Isaiah","Isaiah Whitehead","Whitehead","10.449999809265137","16","3500","DET@MIA","DET","MIA","","","","",""
"32998-95114","SF","Donte","Donte Grantham","Grantham","0","1","3500","SAC@OKC","OKC","SAC","","","","",""
"32998-95117","SF","Deng","Deng Adel","Adel","4.716666539510091","12","3500","MEM@CLE","CLE","MEM","","","","",""
"32998-15757","PF","Terrence","Terrence Jones","Jones","0","0","3500","HOU@GS","HOU","GS","","","","",""
"32998-16790","PG","Brad","Brad Wanamaker","Wanamaker","7.477777551721643","27","3500","BOS@CHI","BOS","CHI","","","","",""
"32998-66968","SF","Derrick","Derrick Jones Jr.","Jones Jr.","17.047368099814967","38","3500","DET@MIA","MIA","DET","","","","",""
"32998-15771","C","Gorgui","Gorgui Dieng","Dieng","14.361403080455045","57","3500","MIN@MIL","MIN","MIL","O","Personal","","",""
"32998-9643","PG","Shaun","Shaun Livingston","Livingston","12.139999728732638","45","3500","HOU@GS","GS","HOU","","","","",""
"32998-23981","PG","Alex","Alex Caruso","Caruso","2.9399999618530273","5","3500","LAL@NO","LAL","NO","","","","",""
"32998-80818","PF","TJ","TJ Leaf","Leaf","6.87631546823602","38","3500","IND@WAS","IND","WAS","","","","",""
"32998-58295","PF","D.J.","D.J. Wilson","Wilson","14.937931455414871","29","3500","MIN@MIL","MIL","MIN","","","","",""
"32998-80825","PF","Isaiah","Isaiah Hartenstein","Hartenstein","6.459259033203125","27","3500","HOU@GS","HOU","GS","","","","",""
"32998-101311","SF","Bonzie","Bonzie Colson","Colson","0","0","3500","MIN@MIL","MIL","MIN","","","","",""
"32998-9669","PF","Jason","Jason Smith","Smith","8.450000339084202","18","3500","LAL@NO","NO","LAL","","","","",""
"32998-18376","SG","Damion","Damion Lee","Lee","8.594444274902344","18","3500","HOU@GS","GS","HOU","","","","",""
"32998-9677","SF","Jared","Jared Dudley","Dudley","12.329545454545455","44","3500","BKN@CHA","BKN","CHA","","","","",""
"32998-9678","PF","Channing","Channing Frye","Frye","6.5379312449488145","29","3500","MEM@CLE","CLE","MEM","","","","",""
"32998-101331","SF","Gary","Gary Clark","Clark","9.318918588999155","37","3500","HOU@GS","HOU","GS","","","","",""
"32998-101330","SF","Emanuel","Emanuel Terry","Terry","12.350000381469727","2","3500","DET@MIA","MIA","DET","","","","",""
"32998-48598","SF","Semi","Semi Ojeleye","Ojeleye","6.407317370903201","41","3500","BOS@CHI","BOS","CHI","","","","",""
"32998-85463","PG","Joe","Joe Chealey","Chealey","3.5","1","3500","BKN@CHA","CHA","BKN","","","","",""
"32998-49114","SG","Frank","Frank Mason","Mason","10.694117826573988","34","3500","SAC@OKC","SAC","OKC","","","","",""
"32998-85467","PF","Yante","Yante Maten","Maten","0","0","3500","DET@MIA","MIA","DET","O","Ankle","","",""
"32998-49115","SG","Wayne","Wayne Selden","Selden","10.432692307692308","52","3500","BOS@CHI","CHI","BOS","","","","",""
"32998-85466","PF","Wenyen","Wenyen Gabriel","Gabriel","0","0","3500","SAC@OKC","SAC","OKC","","","","",""
"32998-67556","SG","Tyler","Tyler Dorsey","Dorsey","6.97931013436153","29","3500","MEM@CLE","MEM","CLE","","","","",""
"32998-9702","PG","Tony","Tony Parker","Parker","17.148936170212767","47","3500","BKN@CHA","CHA","BKN","","","","",""
"32998-17894","C","Mike","Mike Muscala","Muscala","16.379166920979817","48","3500","LAL@NO","LAL","NO","","","","",""
"32998-17384","C","Kyle","Kyle O'Quinn","O'Quinn","8.687879157788826","33","3500","IND@WAS","IND","WAS","","","","",""
"32998-58350","SF","Stanley","Stanley Johnson","Johnson","15.6499997652494","52","3500","LAL@NO","NO","LAL","","","","",""
"32998-9712","PG","Jose","Jose Calderon","Calderon","8.08043504797894","46","3500","DET@MIA","DET","MIA","","","","",""
"32998-63478","C","Cristiano","Cristiano Felicio","Felicio","7.437838167757602","37","3500","BOS@CHI","CHI","BOS","","","","",""